name,prozent
John (SPD),31.22073578595318
Schneider (CDU),27.775919732441473
Martin (GRÜNE),15.869565217391305
Ickert (AfD),12.658862876254181
Hable (DIE LINKE),5.986622073578595
