name,prozent
Ulloth (SPD),30.399235506476955
Göttlicher (CDU),21.660649819494584
Meier (GRÜNE),11.998301125504353
Johst (AfD),11.159481843278828
Bukacz (FDP),5.5213421108515615
