name,prozent
Herbold (SPD),29.227614490772385
Ziegler (CDU),25.290498974709504
Völker (AfD),15.803144224196854
Diehl (GRÜNE),10.909090909090908
Knell (FDP),8.065618591934381
