name,prozent
Rudolph (SPD),35.66854006012286
Leyh (CDU),23.356423996863153
Sippel (GRÜNE),14.324924846425304
Glaser (AfD),12.638870735851523
Giesen (FDP),7.175532610116325
