name,prozent
Schneider (SPD),32.17139432680783
Schölch (CDU),19.95605273671594
Gudehus (GRÜNE),12.91450259688374
Richter (AfD),10.757091490211746
Jost (FDP),5.34358769476628
