name,prozent
Ravensburg (CDU),35.62311051394021
Sommer (SPD),31.273093718508566
Frömmrich (GRÜNE),15.737319449109844
Ginder (AfD),14.931138730265367
Belz (FDP),7.05408128988915
