name,prozent
Kalveram (SPD),26.595192806501817
Herz (GRÜNE),20.508386650527406
Bathon (CDU),18.260418467923223
Schenk (AfD),12.45028531903856
Bock (DIE LINKE),11.862355178972852
