name,prozent
Müller (CDU),35.28428093645485
Grüger (SPD),22.52747252747253
Mulch (AfD),15.778786430960345
Dworschak (GRÜNE),12.637362637362637
Benner-Berns (FDP),8.074534161490684
