name,prozent
Hering (CDU),37.9614463903238
Douglas (AfD),14.51430011339297
Brünnel (GRÜNE),14.010331359455714
Mazur (SPD),10.255764142623157
Klotzsche (FDP),6.1106211414892275
