name,prozent
Schmitz (CDU),34.37866354044549
Haubrich (SPD),27.178585384915984
Enners (AfD),13.892145369284878
Mirold-Stroh (GRÜNE),12.504884720593981
Burg (FDP),5.343884329816335
