name,prozent
Hartdegen (SPD),31.377011867988948
Klee (CDU),29.913835148756302
Gloos (AfD),17.68818078361242
Kinkel (GRÜNE),12.209396846041294
Böhle (FDP),7.348398634368396
