name,prozent
Künkel (CDU),36.99821587867975
Reiers (SPD),29.270740410347905
Merkel (AfD),15.165031222123105
Messik (GRÜNE),12.221231043710972
Hofmann (DIE LINKE),5.965655664585192
