name,prozent
Steinraths (CDU),27.829293993677556
Kunz (SPD),22.51844046364594
Green (GRÜNE),14.794520547945206
Wagner (AfD),14.351949420442573
Büger (FDP),6.628029504741834
