name,prozent
Müller (CDU),41.22201297342541
Hess (AfD),16.93869010253191
Kömpel (SPD),13.098974680895584
Hofmann (GRÜNE),12.994350282485875
Müller (FDP),7.09353421217828
