name,prozent
Ruhl (CDU),31.707821055894204
Ziegler (SPD),27.00692220270689
Bärsch (AfD),16.096704204979854
Goldbach (GRÜNE),13.472466163859902
Döweling (FDP),6.48827358198161
