name,prozent
Wetekam (CDU),33.60334818415013
Thomas (SPD),25.300391521533683
Eberlein (GRÜNE),17.67247198595923
Lichert (AfD),14.715809369515323
Ruths (FDP),8.086944781963009
