name,prozent
Schon (CDU),34.75345718675793
Busch (SPD),22.153932113423664
Lawetzky (GRÜNE),17.62816035759184
Grobe (AfD),12.459840759882665
Schäfer (FDP),8.478837826512082
