name,prozent
Utter (CDU),30.35492957746479
Anders (GRÜNE),21.059154929577463
Körner (SPD),20.36056338028169
Rohde (AfD),10.726760563380282
Hahn (FDP),7.95492957746479
