name,prozent
Appel (CDU),35.18035934714031
Gnadl (SPD),28.24029625565766
Marxen (AfD),21.94486353037992
Stadler (GRÜNE),17.185571252228776
Mai (FDP),7.817857632697847
