name,prozent
Stolz (CDU),34.817267598724555
Weiß (SPD),19.830757910228108
Fuchs (GRÜNE),19.205298013245034
Gagel (AfD),12.533725778758892
Bremerich (FDP),8.511160166789306
