name,prozent
Sommer (CDU),33.46487766377269
Peveling (GRÜNE),21.60333746758372
Imhof (SPD),15.029879355056941
Naas (FDP),14.330815199007779
Lutz (AfD),10.113879806066073
