name,prozent
Wendel (CDU),34.314349347756924
Jeuck (SPD),19.455933821189948
Beese (AfD),13.076678332803054
Schaub (GRÜNE),12.806236080178174
Schardt-Sauer (FDP),9.926821508113267
