name,prozent
Bellino (CDU),37.42091944327288
Mathes (GRÜNE),20.740194010965837
Barth (SPD),15.826655419654154
Hauk (AfD),11.176718684099535
Herbold (FDP),8.962463095740194
