name,prozent
Lorz (CDU),31.104585498079963
Groebel (SPD),23.853625480009036
Klaes (GRÜNE),20.533092387621412
Lambrou (AfD),13.338604020781567
Winkelmann (FDP),8.391687372938785
