name,prozent
Heinz (CDU),35.374149659863946
Zimmermann (GRÜNE),19.436345966958214
Faeser (SPD),18.68048806824317
Scholz (AfD),10.45243494223086
Shieh (FDP),8.638375985314761
