name,prozent
Kasseckert (CDU),25.06211180124224
Straub (SPD),19.710144927536234
Erkan (GRÜNE),15.424430641821946
Ehtemai (AfD),13.799171842650104
Schäfer (FDP),6.9151138716356115
