name,prozent
Mikuschek (CDU),34.13475381514541
Westphal (GRÜNE),17.69363662539591
Öztaş (SPD),17.434494673193203
Kiesler (AfD),13.590555715519722
Steinert (FDP),5.614742297725309
