name,prozent
Honka (CDU),29.565901934322987
Walther (GRÜNE),21.806117858749438
Obst (SPD),19.017094017094017
Müger (AfD),11.03238866396761
Guber (FDP),7.489878542510121
