name,prozent
Schad (CDU),26.018838011750447
Degen (SPD),24.265597314184465
Zeller (GRÜNE),15.079735148745687
Schneider (AfD),14.4269327613541
Pfeil (FDP),5.940501725263452
