name,prozent
Lortz (CDU),32.31726950735215
Malik (GRÜNE),19.05119673714715
von Wirth (SPD),16.47526027691317
Roos (AfD),12.879682301169904
Rock (FDP),10.239347429430074
