name,prozent
Reul (CDU),26.570095275131244
Schreiber (SPD),19.268909196966753
Mohn (AfD),15.45790394711258
Koch (GRÜNE),14.242659926113163
Otten (FDP),5.901224965973167
