name,prozent
Pentz (CDU),25.594709308064356
Witzeck (SPD),19.257723817984402
Huber (GRÜNE),15.506860132267297
Schwaier (AfD),9.949659461060111
Ciupka (FDP),5.734873161583259
