name,prozent
Heitland (CDU),30.09005481597494
Tjarks (GRÜNE),19.51840250587314
Koebe (SPD),18.089271730618638
Taufertshöfer (AfD),12.79365700861394
Zettl (FDP),7.889584964761159
