name,prozent
Funken (CDU),33.42653432126381
Holschuh (SPD),32.41996365161471
Diefenbach (GRÜNE),17.503145533342654
Engemann (AfD),16.832098420243256
Promny (FDP),10.960436180623514
